{
  "version": 1,
  "author": "Anonymous maker",
  "editor": "wokwi",
  "parts": [
    { "type": "wokwi-breadboard-mini", "id": "bb1", "top": 17.8, "left": -156, "attrs": {} },
    { "type": "wokwi-pi-pico", "id": "pico", "top": 25.65, "left": 128.4, "attrs": {} },
    {
      "type": "wokwi-led",
      "id": "led1",
      "top": -42,
      "left": -149.8,
      "attrs": { "color": "white" }
    },
    { "type": "wokwi-led", "id": "led2", "top": -42, "left": -111.4, "attrs": { "color": "red" } },
    {
      "type": "wokwi-led",
      "id": "led3",
      "top": -42,
      "left": -63.4,
      "attrs": { "color": "limegreen" }
    },
    {
      "type": "wokwi-pushbutton",
      "id": "btn1",
      "top": 198.2,
      "left": -124.8,
      "attrs": { "color": "green", "xray": "1" }
    }
  ],
  "connections": [
    [ "pico:GP0", "$serialMonitor:RX", "", [] ],
    [ "pico:GP1", "$serialMonitor:TX", "", [] ],
    [ "bb1:3t.a", "led1:A", "white", [ "v-28.8" ] ],
    [ "bb1:2t.a", "led1:C", "black", [ "v0" ] ],
    [ "bb1:6t.a", "led2:C", "black", [ "v0" ] ],
    [ "bb1:11t.a", "led3:C", "black", [ "v0" ] ],
    [ "led2:A", "bb1:7t.a", "red", [ "v0" ] ],
    [ "led3:A", "bb1:12t.a", "limegreen", [ "v0" ] ],
    [ "bb1:2t.b", "bb1:6t.b", "black", [ "v0" ] ],
    [ "bb1:6t.c", "bb1:11t.c", "black", [ "v0" ] ],
    [ "bb1:3t.e", "pico:GP5", "white", [ "v0" ] ],
    [ "bb1:7t.e", "pico:GP4", "red", [ "v0" ] ],
    [ "bb1:12t.e", "pico:GP3", "limegreen", [ "v0" ] ],
    [ "bb1:11t.d", "pico:GND.1", "black", [ "v0" ] ],
    [ "bb1:2t.e", "btn1:1.l", "black", [ "v0" ] ],
    [ "btn1:2.r", "pico:GP6", "blue", [ "h105.8", "v-9.4" ] ]
  ],
  "dependencies": {}
}